{
    "name": "AdvancedSubstation",
    "version": "1.10.0",
    "title": "Advanced Substations",
    "author": "Oniell NZ",
    "contact": "martynmnz@yahoo.co.nz",
    "homepage": "",
    "factorio_version": "1.1",
    "dependencies": ["base >= 1.1"],
    "description": "Adds two new advanced substations to the game.\n- Longer hook up rage\n- Bigger coverage\n- More expensive\n- Adds Electric Energy Distribution 3 research\n* Advanced Substation\n* Experimental Nucleonic Substation (Volatile)\n\nThe Experimental Nucleonic Substation can be used with Roboports\n\nUses Quantum, temporal and rubber band science to allow the electricity to flow to such a large area. The rubber bands are to keep the wire tight.\n\nUSE AT YOUR OWN RISK!"
}
